Circuit Size,GidNET Mean Runtime,GidNET Stdev Runtime,GidNET Min Width,QNET Mean Runtime,QNET Stdev Runtime,QNET Min Width,Qiskit Mean Runtime,Qiskit Stdev Runtime,Qiskit Min Width
16,0.03969261646270752,0.015464411575339416,12,0.02636711597442627,0.005616864436841439,12,0.10782759189605713,0.029423711271738824,12
20,0.04087543487548828,0.02703500831569457,14,0.17614343166351318,0.013884871730988426,14,0.1741034507751465,0.02279777598480178,15
25,0.07247776985168457,0.020891727072551703,15,0.5877250909805298,0.033430249222945886,15,0.2761081218719482,0.03908820447797736,20
30,0.10272128582000732,0.016869331624984458,19,1.3004147291183472,0.052951678688059015,20,0.40962910652160645,0.039439390936498356,23
36,0.14143545627593995,0.017058057591737216,21,3.7193959951400757,0.2423011197701231,23,0.5324159383773803,0.11340457491040325,27
42,0.21687307357788085,0.02378440116471091,23,9.509611797332763,0.34068477028470945,23,0.7784714221954345,0.044328279084202685,32
49,0.2620851516723633,0.043942793687099156,26,20.78971698284149,0.8071826595501371,27,1.098640751838684,0.07828742183161537,35
56,0.36455843448638914,0.024631244300874693,28,43.15315499305725,1.3530440330543274,29,1.4008190393447877,0.07163399391089968,42
64,0.5223330497741699,0.06238245494223954,33,92.80048983097076,2.5344133127482156,32,1.7550355672836304,0.2169300760548752,50
72,0.6497834205627442,0.05826018096330328,32,181.64192492961882,4.406936820085775,36,2.1796896696090697,0.14440699508294233,54
81,0.9614072322845459,0.057289979345652636,37,347.427384018898,6.510120165182441,37,2.7740322589874267,0.11360750332664978,62
90,1.2226829767227172,0.04261659915905609,42,608.5315235137939,13.967556824802879,39,3.6235063552856444,0.17035208651733566,67
100,1.7744204521179199,0.16093944665548476,42,1014.9343802928925,24.689955036457427,47,4.188853621482849,0.3074561646585867,75
110,2.1619214534759523,0.09573861325740325,42,1796.0078090667726,204.2278183676883,40,6.673113393783569,0.2020527136037199,80
121,3.933676242828369,0.22419999138497168,47,4203.034044075012,286.1902097592089,44,7.000370478630066,0.36422752023074056,91
132,4.787021470069885,0.45108056978154726,48,6211.854329109192,173.29742939434968,45,8.52078948020935,0.3059965263862825,100
144,5.35373318195343,0.2863943935075278,52,9653.616260337829,178.38334605431163,48,10.45596477985382,0.5237881664894537,106
